Range,BevolkingOpDeEersteVanDeMaand,per 100k
0-9,1758061,0.05688084770664954
10-19,1975597,0.05061761077790663
20-29,2268528,0.04408144841059929
30-39,2225390,0.044935943812095855
40-49,2130965,0.04692709640937322
50-59,2547376,0.03925608155215406
60-69,2178462,0.045903945076847794
70-79,1658864,0.06028221722817543
80-89,720708,0.1387524489807245
90+,133656,0.748189381696295
