Range,BevolkingOpDeEersteVanDeMaand,per 100k
0-9,1758742,0.05685882295413426
10-19,1980401,0.050494824028063004
20-29,2267060,0.04410999267774122
30-39,2218431,0.045076903451132806
40-49,2135367,0.046830357498266105
50-59,2549959,0.03921631681136834
60-69,2174016,0.04599782154317172
70-79,1651693,0.060543938855465274
80-89,720915,0.13871260828252985
90+,134610,0.7428868583314762
