Range,BevolkingOpDeEersteVanDeMaand,per 100k
0-9,1765601,0.056637938016573394
10-19,1980232,0.05049913343487026
20-29,2283594,0.043790621275060275
30-39,2248505,0.044473994943306776
40-49,2127634,0.04700056494679066
50-59,2549963,0.03921625529468467
60-69,2190246,0.0456569718652608
70-79,1670800,0.05985156811108451
80-89,724697,0.13798870424467052
90+,133915,0.7467423365567711
