Range,BevolkingOpDeEersteVanDeMaand,per 100k
0-9,1944065,0.05143860930575881
10-19,2015323,0.04961983761411942
20-29,2277954,0.04389904273747407
30-39,2202259,0.04540791977691997
40-49,2168328,0.046118483919407025
50-59,2542323,0.039334105068474776
60-69,2121416,0.04713832647627811
70-79,1575948,0.06345387030536541
80-89,648529,0.15419510923952515
90+,101462,0.985590664485226
