Range,BevolkingOpDeEersteVanDeMaand,per 100k
0-9,1761622,0.05676586691128971
10-19,1976813,0.05058647428967737
20-29,2278330,0.04389179793971901
30-39,2239565,0.044651528310185234
40-49,2127237,0.047009336524327094
50-59,2548142,0.039244280734747124
60-69,2185456,0.04575704109348346
70-79,1666759,0.0599966761841394
80-89,723155,0.13828294072501746
90+,134068,0.7458901452994003
