Range,BevolkingOpDeEersteVanDeMaand,per 100k
0-9,1758929,0.05685277802571906
10-19,1978489,0.050543621925621014
20-29,2267733,0.04409690206033955
30-39,2220920,0.04502638546188066
40-49,2132737,0.04688810669107349
50-59,2548697,0.03923573496574916
60-69,2175703,0.04596215568025599
70-79,1655049,0.06042117182029052
80-89,719573,0.13897130659432747
90+,133564,0.7487047407984188
