Range,BevolkingOpDeEersteVanDeMaand,per 100k
0-9,1767475,0.05657788653304856
10-19,1983366,0.05041933763107767
20-29,2297584,0.043523979972005376
30-39,2270831,0.044036742496469355
40-49,2124975,0.047059377169143164
50-59,2548552,0.039237967284952394
60-69,2201286,0.04542799072905565
70-79,1686700,0.05928736586233474
80-89,732817,0.13645971640941737
90+,135676,0.7370500309561013
