Range,BevolkingOpDeEersteVanDeMaand,per 100k
0-9,1767711,0.056570333046521745
10-19,1987782,0.05030732746347436
20-29,2317170,0.04315609126650181
30-39,2282213,0.04381711961153494
40-49,2125981,0.047037108986392635
50-59,2545120,0.03929087822971019
60-69,2207396,0.045302247535104714
70-79,1692765,0.05907494542951916
80-89,736451,0.13578635917393012
90+,136026,0.7351535735815212
