Range,BevolkingOpDeEersteVanDeMaand,per 100k
0-9,1757360,0.05690353712386762
10-19,1974261,0.050651864165882826
20-29,2273724,0.043980711819024645
30-39,2230329,0.044836434445321746
40-49,2127343,0.047006994170662654
50-59,2547304,0.03925719113227161
60-69,2180298,0.04586528997412281
70-79,1663144,0.06012708460602329
80-89,721513,0.13859764134533958
90+,133970,0.7464357692020601
