Range,BevolkingOpDeEersteVanDeMaand,per 100k
0-9,1766712,0.056602321147985635
10-19,1977063,0.05058007762018712
20-29,2289091,0.043685462919560644
30-39,2264891,0.04415223514067564
40-49,2125245,0.04705339854934372
50-59,2549300,0.03922645432079394
60-69,2198884,0.0454776150083406
70-79,1683188,0.05941106994584087
80-89,730697,0.13685563236197767
90+,135204,0.7396230880743173
