Range,BevolkingOpDeEersteVanDeMaand,per 100k
0-9,1766395,0.05661247908876554
10-19,1980305,0.05049727188488642
20-29,2288013,0.04370604537649043
30-39,2255224,0.044341493350549654
40-49,2126699,0.0470212286741095
50-59,2550059,0.03921477895217326
60-69,2194133,0.045576088596270145
70-79,1675257,0.059692333773265834
80-89,726633,0.1376210549204344
90+,134222,0.7450343460833544
